{"cameraMode":{"drawMode":0,"name":"Shaded","section":"Shading Mode"},"sceneLighting":true,"audioPlay":false,"sceneViewState":{"m_AlwaysRefresh":false,"showFog":true,"showSkybox":true,"showFlares":true,"showImageEffects":true,"showParticleSystems":true,"showVisualEffectGraphs":true,"m_FxEnabled":true},"in2DMode":false,"pivot":{"x":99.53422546386719,"y":0.9907646179199219,"z":84.45758819580078},"rotation":{"x":0.05840414762496948,"y":0.04670517146587372,"z":-0.002724912017583847,"w":0.9972061514854431},"size":10.449999809265137,"orthographic":false}